Institution
Hamilton Health Services
St. Michael’s Hospital
"Department of Psychiatry, University of Saskatchewan (U of S), Saskatchewan, Canada"
"Department of Psychiatry, University of Saskatchewan"
Chiang Mai University Faculty of Medicine
"University of British Columbia, Canada"
The first affiliated hospital of Sun Yat-sen University
"Clinical Sciences Malmö, Lund University"
Eli Lilly USA
Alimentiv Inc
Peking University People’s Hospital
"Health Protection Research Group, University of Nottingham"
"Medical University of Vienna, Comprehensive Cancer Center Vienna"
Clinical Pharmacy Institute; University of Bonn
The University of Edinburgh
Children's Mercy Kansas City
Zealand University
GSK
Rockefeller University
"1. North West Lung Centre, Manchester University NHS Foundation Trust. 2. Division of Immunology, Immunity to Infection & Respiratory Medicine, The University of Manchester."
North Zealand Hospital
"Department of Statistics and Operations Research, Tel Aviv University, Israel"
University of Florida
Chung-ang University
Sheba Medical Center
Zhejiang University School of Medicine
"Universidade de Coimbra, Portugal"
"Western University, Division of Hematology, Department of Medicine, London Health Sciences Centre"
London School of Hygiene&Tropical Medicine
University of Bath
"University of Zurich
Institute of Social and Preventive Medicine
Hirschengraben 84
CH-8001 Zurich"
"Translational Research Institute, The University of Queensland"
Oregon State University
Carleton University
Faculty of Medicine of Porto University
Dartmouth College
Juntendo University School of Medicine Graduate School of Medicine
Yokohama City University Hospital
Brigham and Women's Hospital
Vanderbilt University Medical Center
Johns Hopkins School of Medicine
"Leiden University Medical Center, The Netherlands"
The University of Jordan
"University Hospitals Siedman Cancer Center, Case Western Reserve University, Cleveland, OH"
Istituto Europeo di Oncologia
University of Colorado Boulder
"School of Statistics, Renmin University of China"
Sensyne Health
Corewell Health East
Biostatistics
The University of Chicago
Peking University
Bar-Ilan University
Copenhagen University Hospital
Wingate University
Care and Public Health Research Institute (CAPHRI)
Liverpool School of Tropical Medicine
UC San Diego
University of Manchester
Data Clarity Consulting Ltd
University Claude Bernard Lyon 1
"University Hospitals, Case Western Reserve University"
"School of Health and Related Research (ScHARR), The University of Sheffield"
Yale University School of Medicine
Yonsei University
The University of Western Ontario
Arcturis
Investigational Drug Branch  Cancer Therapy Evaluation Program  Division of Cancer Treatment and Diagnosis  National Cancer Institute
University of California Davis
Augusta University
"Fred Hutchinson Cancer Research Center;
Department of Biostatistics, University of Washington"
"Julius Center for Health Sciences and Primary Care
UMC Utrecht"
Douglas Mental Health University Institute McGill University
Sheffield Teaching Hospitals
University of Gothenburg
"Hospital San Pedro - Center for Biomedical Research of La Rioja (CIBIR), SPAIN"
University of Pisa
National Yang Ming Chiao Tung University
Fundación Sector Público Estatal Centro Nacional Investigaciones Oncológicas Carlos III (CNIO)
"University of Toronto, 
University Health Network"
Alzheimercentrum Amsterdam
"Department of Gastroenterology, The First Affiliated Hospital, Sun Yat-sen University, Guangzhou, China"
University Medical Center Utrecht
University of Liverpool
"Pharmacologie clinique, Université Grenoble Alpes Centre d'Investigation Clinique, Inserm CIC1406 CHU Grenoble Alpes Laboratoire HP2, Inserm UMR 1042 Tel: 06 73 98 36 37 mroustit@chu-grenoble.fr"
Yokohama City University
the 900th Hospital of PLA
Keio University School of Medicine
"American University of Beirut, Medical Center"
"Psychiatric and Behavioral Solutions, LLC"
Heidelberg University Hospital
Sunovion
"Department of Biostatistics & Bioinformatics
Duke University"
National Cancer Center Hospital East
"Medical School Hannover
Hematologgy, hemostasis, oncology and stemcelltransplantation
Carl-Neuberg-Str. 1
30627 Hannover, Germany"
"The Fifth People's Hospital of Shanghai, Fudan University"
"Rady Faculty of Health Sciences, University of Manitoba
Children's Hospital Research Institute of Manitoba, University of Manitoba"
Lupus Research Institute
Guangzhou Medical University
"University of Utah School of Medicine Department of Psychiatry
&
Psychiatric & Behavioral Solutions LLC"
Northwell Health
"Department of Epidemiology, Rollins School of Public Health, Emory University"
Peter MacCallum Cancer Centre
"The University of Hong Kong
Duke University (Adjunct)"
"Centre for Investigational New Product, National Pharmaceutical Regulatory Agency (NPRA) Lot 36, Jalan Universiti, 46200 Petaling Jaya, Selangor, Malaysia"
Fudan University Shanghai Cancer Center
Technical University Munich
"IDDI
30 avenue provinciale
1340 Louvain-la-Neuve
Belgium"
"Queens College, CUNY and the Wharton Business School of the University of Pennsylvania"
Wave Life Sciences
Beijing Anzhen Hospital
Assitance Publique des Hôpitaux de Paris
Avidity Biosciences
Shanghai Changzheng Hospital
Columbia University Medical Center
The First Affiliated Hospital of Sun Yat-sen University
Beth Israel Deaconess Medical Center
"Nudge BG, Inc."
National University of Singapore
Brown University
UCSD School of Medicine
University of Iowa
Alto Neuroscience
Asan Medical Center
"Center for Biostatistics
Department of Population Health Science and Policy
Icahn School of Medicine at Mount Sinai 
One Gustave Levy Place, Box 1077 
New York, NY 10029"
"Flinders Centre for Innovation in Cancer, Flinders University, Adelaide, Australia"
"Imperial College, London"
Aspen University
National University of Ireland Galway
University of Cambridge
"University Hospital Essen, West German Heart and Vascular Center"
University of Greifswald
"Institut Jules Bordet
BrEAST Data Center, Brussels Belgium"
"Department of Psychiatry, College of Medicine, University of Saskatchewan"
"National Brain Research Centre,Manesar,Haryana,Gurgaon,India-122050"
Sorbonne Université
Peking Union Medical College Hospital
Department of Psychiatry and Psychotherapy TU-München
Uppsala University
CHU de Grenoble Alpes
University of Michigan Medical School
"Western University, London Health Sciences Centre"
"BCLC group, Liver Unit. Hospital Clinic of Barcelona"
MetroHealth Medical Center
University of Cincinnati
University of Toronto
"Gastroenterology Department, First Affiliated Hospital of Sun-YatSen University, Guangzhou, China

Director, IBD Service, Sheba Medical Center, Tel-Aviv University, Israel"
University of South Carolina College of Pharmacy
University of Palermo
The University of Tokyo
Baker Heart and Diabetes Institute
Feinstein Institute for Medical Research
Cyntegrity Germany GmbH
Harvard T.H. Chan School of Public Health
Experimind LTD
Icahn School of Medicine at Mount Sinai
University College London
Royal College of Surgeons Ireland
Vertex Pharmaceuticals
"Centre for Heart Lung Innovation, St Paul's Hospital and Division of Respiratory Medicine, University of British Columbia,Vancouver, BC V6Z 1Y6, Canada"
The Chinese University of Hong Kong
"Department of Economics, Indiana University, Bloomington, Professor
Sungkyunkwan University, Professor of Economics"
IRCCS Ospedale Policlinico San Martino
Erasmus MC University Medical Center
Orchard Therapeutics
"Center for Cancer Research, National Cancer Institute, NIH"
Yonsei University College of Medicine
Dana Farber Cancer Institute
Montefiore Medical Center
"University of Manchester, Manchester, UK"
Jeju National University Hospital
University Medical Center Groningen
Osaka University Graduate School of Medicine
University of Tokyo
EBSCO Information Services
Chongqing Medical University
Peking Uion Medical College Hospital
"European institute of Oncology , Milan"
"Tunnell Government Services, Inc., Subcontractor to General Dynamics Information Technology (GDIT) working in support of US Army Medical Materiel Development Activity, Warfighter Brain Health (WBH) Project Management Office (PMO)"
The Research Institute of the McGill University Health Centre
"University of North Carolina at Chapel Hill, Department of Epidemiology"
University of Toronto/Princess Margaret Cancer Center
Clinical Outcomes Solutions
NIH
Jilin University
University Colleges Leuven-Limburg
University of São Paulo
UT MD Anderson Cancer Center
Fundacion para la Investigacion Medica Aplicada (FIMA)
"Research Institute Brainclinics, Nijmegen, The Netherlands Utrecht University, Dept. of Experimental Psychology, Utrecht, The Netherlands"
Charité – Universitätsmedizin Berlin
University of Washington
Inserm
"Department of Medical Oncology
University Campus Bio-Medico
Via A. Del Portillo 200, 00128
Rome, Italy"
London School of Hygiene and Tropical Medicine
"Women's College Hospital, University of Toronto"
Gangnam Severance Hospital Department of Surgery
The first affiliated hospital of Sun Yet-sen University
"Xiangya Hospital, Central-South University"
Beijing Hospital
University of Sao Paulo (USP)
University of Oxford
University Hospital Erlangen
"The Third Affiliated Hospital, Sun Yat-Sen University"
"Department of Psychiatry, Faculty of Medicine and Health Sciences, University of Stellenbosch"
"INSERM U1153 METHODS team, Paris, France"
"Inari Medical, Inc."
University of Manitoba
Women's College Hospital
LMU Munich
Janssen R&D Belgium
Daiichi Sankyo
Zhongshan Hospital
CHU lapeyronie
University of Maryland
Royal College of Surgeons in Ireland
"AO FBF e Oftalmico, Milano Italy"
Duke University School of Medicine
"UHC rijeka, krešimirova 42, 51000 Rijeka, Croatia"
Hainan University
University of Ottawa
King Faisal Specialist Hospital and Research Centre
"Department of Biostatistics, Epidemiology, Biostatistics and Prevention Institute, University of Zurich, Switzerland"
Seattle Genetics Inc.
Santa Clara University
"Princess Margaret Cancer Centre, University Health Network, Surgical Oncology, Urologist."
Newcastle University
International Neiman Pick Disease Alliance
Duke University
Northwestern University Feinberg School of Medicine
Beaumont Health
The University of Texas MD Anderson Cancer Center
University of Padova
"Nuffield Department of Primary Care Health Sciences, University of Oxford"
SUNY Downstate Medical Center
CHU Sainte-Justine
University of Bern
Memorial Sloan Kettering Cancer Center (MSKCC)
University of Pittsburgh
Fudan University
Hanover Medical School
BlackThorn Therapeutics
Beijing Friendship Hospital
The First Affiliated Hospital of Sun Yat-Sen University
"Mayo Clinic, Dept. of Psychiatry and Psychology"
Western Connecticut State University
Hospital Britanico
Manchester University NHS Foundation Trust
University Hospital of Modena and Reggio Emilia
University of Louisville
"Leiden University Medical Centre, Leiden, Netherlands"
Aalborg University Hospital
"Bristol Medical School, University of Bristol"
"Johns Hopkins University
Bloomberg School of Public Health
Department of Health Policy and Management
Center for Drug Safety and Effectiveness
Center for Population Health IT"
Veristat
Harvard Medical School
Biomedical Advanced Research and Development Authority (BARDA) Office of the Assistant Secretary for Preparedness and Response (ASPR) Department of Health and Human Services (HHS)
Copenhagen University Hospital Hvidovre
Dana Farber Cancer Institute and Harvard University
Memorial Sloan-Kettering Cancer Center
Perceiv AI
Vall d ÌHebron University Hospital
National Institute of Arthritis and Musculoskeletal and Skin Diseases
"Institute for Immunology & Infectious Diseases, Discovery Way, Murdoch, WA 6150"
AdventHealth Translational Research Institute
"OncoPharma Research Group, Center for Health Technology and Services Research (CINTESIS), Rua Doutor Plácido da Costa, 4200-450 Porto, Portugal CINTESIS@RISE, Faculty of Medicine, University of Porto, Alameda Professor Hernâni Monteiro, 4200-319 Porto, Portugal Department of Community Medicine, Health Information and Decision (MEDCIDS), Faculty of Medicine, University of Porto, Rua Doutor Plácido da Costa, 4200-450 Porto, Portugal"
Sun Yatsen 1st affiliated Hospital
Wingate University School of Pharmacy
"Department of Pharmacology, Institute of Neuroscience and Physiology, University of Gothenburg, Gothenburg, Sweden"
QIMR Berghofer Medical Research institute
Kirsehir Training and Research Hospital
Takeda
Huntsman Cancer Institute at the University of Utah
PhaseV Trials
"University Hospital Geelong, Barwon Health, Geelong, Australia"
Cedars-Sinai Medical Center
Nanjing Medical University
"University Hospitals Tuebingen
Dept. of Internal Medicine
Tuebingen, Germany"
University of Sussex
University Hospitals of Geneva
"Institute for Computational Health Sciences
UCSF School of Medicine
Mission Hall - 550 16th St, San Francisco, CA 94158
email:Atul.Butte@ucsf.edu
Phone: 415-514-0511"
Newcastle University (PhD student)
UHC Rijeka
"Cancer Hospital, Chinese Academy of Medical Sciences"
University of Glasgow
Georgia Southern University
"University of California, San Diego"
Ospedale San Raffaele
Neumora Therapeutics
Thomson Reuters
Insel Gruppe AG
Erasmus Medical Center
"Department of Surgery and Cancer Imperial College London, London"
"University Medical Center Utrecht, Utrecht, the Netherlands"
Max Planck Institute for Infection Biology
Replica Health
The Australian National University
Huazhong University of Science and Technology
"Founder and Chief Scientific Officer, Ammonett Pharma

Retired from University of Virginia after serving on faculty for 40 years as a clinical investigator, Division Chief Endocrinology and Metabolism, Chairman of the Department of Medicine"
"YAI, Inc."
Ludwig-Maximilian University Munich
Tianjin Medical University
Navarre Health Service
"Rollins School of Public Health, Emory University"
"Institute of Bone and Joint Research, University of Sydney Department of Rheumatology, Royal North Shore Hospital. Sydney, Australia"
"Institut National de Santé Publique du Québec(INSPQ)
and
Laval University"
"Interdisciplinary Center of Clinical Trials (IZKS), University Clinic of Mainz, Germany"
National Cancer Institute
"National Institute for Cellular Biotechnology, Dublin City University, Glasnevin, Dublin 9, Ireland."
"University of Crete Medical School; University Hospital of Heraklion, Greece"
Nan Chang University
"Division of Infection, Immunity and Respiratory Medicine, School of Biological Sciences, The University of Manchester,  Manchester, UK.  and  North West Lung Centre, Wythenshawe Hospital, Manchester University NHS Foundation Trust, Manchester, UK."
"Toronto General Hospital, University Health Network   Director, Epidemiologic and Applied Research Lab in Young-Onset Diabetes (EARLY Diabetes)  Assistant Professor, Department of Medicine, University of Toronto"
NIDDK/NIH
"dept. of general practice, University Medical Center Groningen, University of Groningen, the Netherlands"
The First Affiliated Hospital of Nanjing Medical University
Harvard University
Robot Bacon Corporation
Core Clinical Sciences
Karolinska Institutet
Brainify.AI
Brainify.ai
"UPEC, Research Unit EpiDermE"
Fu Jen Catholic University Hospital
"1 Department of Health Research Methods, Evidence, and Impact, McMaster University, Hamilton, Ontario, Canada. 2 Evidence in Allergy Group, McMaster University, Hamilton, ON, Canada.  3 Division of Clinical Immunology and Allergy, Department of Medicine, McMaster University, Hamilton, Ontario, Canada. 4 The Research Institute of St. Joe's Hamilton, Hamilton, Ontario, Canada."
University of Amsterdam Academic Medical Center
"Department of Urology, University Hospital Bonn"
Augusta University Department of Psychiatry
"Care and Public Health Research Institute, Maastricht, The Netherlands"
University Hospital Aachen
Eli Lilly and Company
Renmin University of China
European Organisation for Research and Treatment of Cancer (EORTC)
"Huntsman Cancer Institute, University of Utah"
Alimentiv Inc.
Ohio University
Tokyo University of Science
"Magdi Yacoub Institute - Heart Science Centre
National Heart & Lung Institute (Myocardial Function Section)
Harefield Hospital
Hill End Road
Harefield, Middlesex, UB9 6JH"
"Department of Ophthalmology,
Seoul National University Bundang Hospital"
NM Non profit Society to Prevent Symptomatic Heart Disease
"University of Manchester, UK"
KKT Technology pte. ltd.
Technical University of Munich
Chinese Academy of Science
"National Centre for Immunisation Research and Surveillance, The Children's Hospital at Westmead"
Singapore Management University
Smart Respiratory Products Ltd
University of Antwerp & Antwerp University Hospital
University of Exeter
"Flinders University, School of Medicine, Adelaide, Australia; Southern Adelaide Health Network, Adelaide, Australia"
"Department of Psychiatry and Psychotherapy, Klinikum rechts der Isar, Technische Universität München"
University of Cologne Medical School
AZ Delta
"Centre for Health Economics, University of York, UK"
University of New South Wales
Mahidol Oxford Tropical Medicine Research Unit
"University of Florida Department of Medicine, Division of Gastroenterology"
START Madrid-Fundacion Jimenez Diaz (FJD)
Hochschule Koblenz - RheinAhrCampus Fachbereich Mathematik und Technik
CHA Bundang Medical Center
Tufts Medical Center
"Duke-NUS Medical School, Centre for Quantitative Medicine"
University of New Mexico
GEn1E Lifesciences Inc.
The Zucker Hillside Hospital
Amsterdam UMC
University of California Los Angeles
University Hospital Magdeburg
Albert Einstein College of Medicine
National Laboratory for Scientific Computing in Brazil (LNCC)
"* Athens University of Economics and Business, Department of Statistics (www.stat-athens.aueb.gr )  * Frontier Science Foundation Hellas (www.frontier-science.gr )"
Shandong University
Erasmus University Medical Center
Kyoto University Hospital
UCLA
Norland University Hospital
Corewell Health
"The Zucker Hillside Hospital,
The Feinstein Institute of Biomedical Research
Northwell Health"
University of Basel
Rutgers University
"University of California, Los Angeles"
University of California San Diego
The University of Texas Southwestern Medical Center
University of Essex
Weill Cornell Medicine
"ALMA MATER STUDIORUM - Università di Bologna, Department of Medical and Surgical Sciences"
Columbia University Irving Medical Center
Universidad de Costa Rica
Unigranrio
"Department of Psychiatry and Psychotherapy, Klinikum rechts der Isar, School of Medicine and Health, Technical University of Munich"
Signant Health
East Carolina University
Rush University Medical Center
"University of Alberta, Faculty of Medicine & Dentistry, Division of Dermatology, Canada"
Droice Labs
Department of General Practice and HRB Centre for Primary Care Research
"Department of Urology, Kindai University Faculty of Medicine"
University Hospital Ramón y CAjal
Princess Margaret Cancer Center
"Respiratory department, Universitary Hospital of Araba"
"Statistics, the University of Maryland at Baltimore County (UMBC)"
Albany Medical College
Institut Pasteur
University of Exeter Medical School
Moffitt Cancer Center
Saiseikai Fukuoka General Hospital
"Division of Nephrology, Department of Medicine, McMaster University, Department of Health Research Methods, Evidence and Impact, affiliated to Research St. Joseph's - Hamilton"
The Jikei University School of Medicine
"National Centre for Immunisation Research and Surveillance, The Children’s Hospital at Westmead"
Centro Hospitalar e Universitário de Coimbra
Medical University of South Carolina
Jules Bordet Institute
"Li Ka Shing Knowledge Institute, St. Michael’s Hospital"
"University of California, Irvine"
University Hospital Centre Rijeka
Boston University School of Medicine
Centre Eugene Marquis
Baylor University Medical Center
"Columbia University Medical Center
630 168th St, Room PH 10-08
New York NY 10032"
"Deparment of Infectious Diseases, University Hospital Ramón y Cajal, Madrid, Spaon."
University of Chicago
Université Paris Descartes
Universidad Politécnica de Madrid
Monash University Malaysia
Sunnybrook Odette Cancer Centre
"Dept of Respiratory Medicine & Allergology
Lund University Hospital
22185 Lund, Sweden"
Jeonbuk National University Hospital
"Alto Neuroscience, Inc"
MMS Holdings
Institut Jules Bordet
Yale School of Public Health
"Centre for Health & Infectious Diseases Research
Rigshospitalet, University of Copenhagen
CHIP, Department of Infectious Diseases and Rheumatology,
Section 2100, Finsencentret
Blegdamsvej 9
DK-2100 Copenhagen Ø
Denmark"
Kyoto University
"Care and Public Health Research Institute (CAPHRI), Maastricht University, Maastricht, the Netherlands"
"Laboratory of Clinical Pharmacology and Pharmacometrics, Graduate School of Pharmaceutical Sciences, Chiba university, Chiba, Japan"
Wits Reproductive Health Institute at University of the Witwatersrand
"NINDS, National Institutes of Health"
Edinburgh Clinical Trials Unit - The University of Edinburgh
National Centre for Scientific Research 'Demokritos' (NCSR-D)
University of Otago
Aarhus University
Laboratory of Clinical Immunology and Microbiology National Institute of Allergy and Infectious Disease National Institutes of Health
"Department of Epidemiology and Biostatistics
College of Public Health
University of Georgia
Athens, GA 30602"
"Department of Urology, Seoul National University Hospital, College of Medicine Seoul National University"
Imperial College London (UK)
University of Verona
"Department of Mathematics & Statistics University of Maryland Baltimore County Baltimore, MD"
"Department of Rheumatology, Leiden University Medical Center, Leiden, the Netherlands. Department of Rheumatology, Zuyderland Medical Center, Heerlen, the Netherlands"
"Division of Mathematics, University of Dundee, Dundee, UK."
"Alto Neuroscience, Inc."
"University of California, San Francisco"
University of São Paulo
Shaare Zedek Medical Center
Chiba University Center for Forensic Mental Health
"University Hospital of Tours, France"
"National Clinical Research Center for Respiratory Disease, Guangzhou Institute of Respiratory Health, the First Affiliated Hospital of Guangzhou Medical University, Guangzhou Medical University"
"Peking University Clinical Research Institute, Peking University First Hospital"
University of California - San Francisco
Verily Life Sciences
Opificio Ltd
FIDMAG Germanes Hospitalàries & King’s College London
"Pneumology Department. Hospital Universitari Vall d'Hebron. Barcelona, Spain"
University of Minnesota
Hamilton Health Sciences Corporation
Rovigo General Hospital
CUB Hôpital Erasme
"Department of Psychiatry and Psychotherapy, Charité Campus Mitte, Charité Universitätsmedizin Berlin, corporate member of Freie Universität Berlin, Humboldt-Universität zu Berlin, and Berlin Institute of Health, Berlin, Germany"
Virror Health
Universitat Politècnica de València
Emory University
Universidad Pompeu Fabra
Princess Margaret Cancer Centre
Jefferson University-Sidney Kimmel Cancer Center
MRC Clinical Trials Unit at UCL
Yale University
P95 Pharmacovigilance and Epidemiology Services
Tulane University School of Public Health and Tropical Medicine
University of York
None
Sun Yat-sen Memorial Hospital of Sun Yat-sen University (SYSU)
UCL
Vall D'Hebron Institute of Oncology
"Julius Center for Health Sciences and Primary Care, University Medical Center Utrecht, the Netherlands"
"Karmanos Cancer Institute, Wayne State Univeristy"
University of Hong Kong
The Ohio State University
Sun Yat-sen University Cancer Center
"Divisions of Medical Oncology and Hematology,  Princess Margaret Cancer Centre, Department of Medicine, University of Toronto, Toronto, Canada"
University of Texas Health Science Center
University of Lisbon/CCUL
"Zhongda Hospital, Southeast University"
Leiden University Medical Center (LUMC)
"School of public health, Peking University"
Clínica Universidad de Navarra
University Hospital Basel
"Faculty of Pharmacy, Jagiellonian University Medical College in Poland"
"University of North Carolina at Chapel Hill, Department of Epidemiology, Gillings School of Global Public Health"
Medtronic Diabetes
"Genentech, Inc."
University Hospital 12 de Octubre
"Australian Center for Pharmacometrics, School of Pharmacy and Medical Sciences, University of South Australia"
"MIVEGEC department, CNRS (Montpellier, France)"
Newcastle-upon-Tyne Hospitals NHS Trust
"Centro Hospitalar e Universitário de Coimbra, Coimbra, Portugal.
Faculty of Medicine, Universidade de Coimbra, Coimbra, Portugal."
"National Institute of Statistical Sciences
www.niss.org"
Pfizer
GlaxoSmithKline
Boston Medical Center
The University of Sheffield
"Department of Internal Medicine
University of Manitoba

Department of Medical Oncology and Hematology
Cancercare Manitoba"
Monash University School of Clinical Sciences
"Origent Data Sciences, Inc"
"Medical Faculty, University of Munich"
Washington University
NordicRWE
National Library of Medicine/NIH
Gwangju Institution of Science and Technology
King's College London
University of Thessaly
University of Mississippi Medical Center
US Food and Drug Administration
Alimentiv
"Ospedale Centrale di Bolzano, ITALY"
University of Tsukuba
Universidade do Porto
Blizard Institute Barts and the London School of Medicine Queen Mary University of London
"Dept of Ophthalmology and Visual Sciences, University of Wisconsin, Madison."
Sheba Medical Center & Sun Yat-sen 1st Affiliated Hospital
The Second Affiliated Hospital of Zunyi Medical University
"Yale School of Medicine
Center for Outcomes Research and Evaluation"
Columbia University Medical Center/ James J. Peters VA Medical Center
Hamilton Health Sciences
Hospital Clinic and the Translational Genomics Group at IDIBAPS
"Institute of Mental Health & Wellbeing, University of Glasgow  Honorary Specialty Registrar General Adult Psychiatry, NHS Greater Glasgow & Clyde"
Hospital Provincial de Castellón
AstraZeneca
"Employer: Department of Renal Medicine, Royal Prince Alfred Hospital, Sydney, NSW, Australia  Research Affiliation: University of Sydney, Sydney, NSW, Australia"
"Department of Psychiatry, University of Oxford, Oxford, UK"
University of Beira Interior
Azienda Ospedaliera Di Cosenza
Radboudmc Nijmegen
IDDI inc
University Of Saskatchewan
National Institutes of Health
"Center of Research of Immunopathology and Rare Diseases, Department of Clinical and Biological Sciences, University of Turin, Turin, Italy. MD, Consultant in Clinical Immunology"
J. Craig Venter Institute (JCVI)
Charité-Universitätsmedizin Berlin
Lawson Health Research Institute
"Virgo Surgical Video Solutions, Inc."
experimind
"Gloucestershire Royal Hospital, Gloucestershire Hospitals NHS Foundation Trust"
Technische Universität München
World Health Organization
The Second Xiangya Hospital of Central South University
James Cook University
Massachusetts General Hospital
Columbia University
Atlantic Technological University
Newcastle upon Tyne Hospitals NHS Trust
"Genentech, Inc., A member of the Roche Group"
"University of Maryland, Baltimore"
"New York Medical College, New York, NY."
Y-AI inc.
Analysis Group
University of South Australia
University of Colorado Anschutz Medical Campus
"Tufts Medical Center, Tufts University School of Medicine"
IRCCS MultiMedica
"Hematology Research Unit, Department og Hematology, Odense University Hospital, Denmark"
"Johns Hopkins Bloomberg School of Public Health, Johns Hopkins University"
London School of Hygiene & Tropical Medicine
"New York University school of Medicine, NY, NY"
Western University
University of Utah
"Department of Medical Oncology & Institute for Clinical Epidemiology and Biostatistics,  University Hospital Basel, Basel, Switzerland"
Paul-Ehrlich-Institut
CPC Clinical Research
NYU Langone Inflammatory Bowel Disease Center
UNIST (Ulsan National Institute of Science and Technology)
Université de Lille
Johns Hopkins Hospital
"The Zucker Hillside Hospital, Northwell Health"
Medical University of South Carolina in Public Health Sciences
"(1) Department of Laboratory Medicine, National Taiwan University Hospital
(2) Institute of Epidemiology and Preventive Medicine, National Taiwan University"
The University of Sydney
AIQ Solutions
Huntsman Cancer Hospital
University of Naples Federico II
Kansas City University of Medicine & Biosciences
Dana-Farber Cancer Institute
Johns Hopkins University School of Medicine
"Karmanos Cancer Institute, Wayne State University"
Porto University
Oslo University Hospital
Inspira Health Network
OneTwenty AG
Centre d’Investigation Clinique de Rennes
UT Southwestern Medical Center
"University Hospitals Leuven Department of Respiratory Diseases Research Laboratory BREATHE, Department CHROMETA, KU Leuven Herestraat 49 3000 Leuven Belgium"
&#9; University of Florida College of Pharmacy
Jagiellonian University Medical College in Poland
Chengdu University of Traditional Chinese Medicine
"Sana Health, Inc."
Bufalini Hospital
Johns Hopkins School of Public Health
Charité – Universitätsmedizin Berlin and Kepler University Linz
"University of Connecticut, Department of Statistics, CT, USA"
National University of La Plata
Stanford University
54gene
Burrell College of Osteopathic Medicine
University of Tasmania
University of Texas Health Science Center Houston
Medical University Innsbruck
CHU de Rennes
University of Girona
"Samsung Medical Center, South Korea"
Mount Sinai Medical Center
"Department of Epidemiology, University of North Carolina at Chapel Hill"
Monash Health
"Phase I Unit, Clinical Pharmacology Research Center, Peking Union Medical College Hospital"
MSD Sharp & Dohme GmbH
WITS-VIDA
ChangZheng Hospital
University of Pennsylvania
Hospital Universitario Quironsalud Madrid
Università Poiltecnica delle Marche
"University of Texas, Houston, Texas, USA"
"St Vincent's Hospital, Sydney"
"Faculty of Pharmaceutical Sciences and Faculty of Medicine, University of British Columbia"
Institut Bergonié
NYU Grossman School of Medicine
Leiden University Medical Center
University of Washington Medical Center
"Department of Surgery and Cancer, Imperial College London (UK)"
Fundacion canaria Institudo de investigación sanitaria de Canarias (FCIISC)
"Department of Psychiatry II, Ulm University"
"Chief of Surgery, JCHO Nihonmatsu Hospital
Research Professor, Fukushima Medical University"
UNC-Chapel Hill
"Analysis Group, Inc."
School of Population and Public Health
Tufts Medical Center/Tufts Medical School
Adaptimmune
University of Connecticut Health Center
"Applied Tumor Immunity (D120) National Center for Tumor Diseases (NCT) German Cancer Research Center (DKFZ) Im Neuenheimer Feld 460, D-69120 Heidelberg, Germany   Gastroenterology and Gastrointestinal Oncology University Hospital RWTH Aachen Pauwelsstraße 30, D-52074 Aachen, Germany"
Mahidol University
Chengdu Second People's Hospital
"Department of General Medicine and Primary Care, Kumamoto University Hospital"
University of Illinois at Chicago
Universidade de Lisboa
University of Florida College of Pharmacy
"University of Bern, Department of Old Age"
University of Dundee Dundee  DD1 9SY
University of Nebraska Medical Center
Critical Path Institute
Diabeloop SA
Blizard Institute  Barts and the London School of Medicine and Dentistry Queen Mary University of London 4 Newark Street London EC1 2AT
"The Ottawa Hospital Research Institute, University of Ottawa"
King’s College London
"Head of Department, Department of Clinical Pharmacology, Mahidol-Oxford Tropical Medicine research Unit (MORU)"
Purdue University
"University of Maryland, Baltimore County (UMBC), Department of Mathematics and statistics"
Center of Excellence for the Acceleration of Harm Reduction (CoEHAR)
University of Auckland
Beijing Cancer Hospital
Hospices Civils de Lyon
"University of Toronto, Women's College Hospital, Toronto, ON, Canada"
Institut du Cancer de Montpellier
Faculdade de Medicina da Universidade do Porto
SUNY Upstate Medical University
University of Rennes
McGill University
Tours Hospital
"Division of Systems Medicine
Department of Pediatrics
Stanford University"
Université Claude Bernard Lyon
Monash University
"Hospital de Especialidades de las Fuerzas Armadas N1. Quito, Ecuador."
Catholic University Medical School
Department of Medicine University of Cape Town Health Sciences Faculty
Psychiatrist at CHU Rennes and Professor at Université de Rennes 1
University Hospital of Zurich
University of Michigan
Peking University People's Hospital
Instituto de Investigaciones Biomédicas August Pi i Sunyer (IDIBAPS)
"The Second Affiliated Hospital of Wenzhou Medical University, Wenzhou, Zhejiang, China"
University of Sao Paulo
"Department of Surgery and CAncer, Imperial College London (UK)"
Brigham and Women’s Hospital
Thomas Jefferson University
"Professor, Asan Medical Center, University of Ulsan College of Medicine, Seoul, South Korea Head, the Department of Pulmonary and Critical Care Medicine, Asan Medical Center, Seoul, South Korea"
Grenoble Alpes University Hospital
Universitat Politècnica de Catalunya
Erasmus Medical Center Rotterdam
"The University of Copenhagen, and the Department of Cardiology, Bispebjerg Hospital, 2400 Copenhagen NV, Denmark"
"University of Saskatchewan, Department of Psychiatry"
Gossamer Bio
CHU Jean Minjoz
Medical University Vienna
"Italian National Council of Research, Institute for Applied Mathematics ""Mauro Picone"""
"1) CLEAR Methods Center, Division Clinical Epidemiology, Department Clinical Research, University Hospital Basel (Prof. M. Briel, MD PhD) 2) Oslo Center for Biostatistics and Epidemiology, Oslo University Hospital and University of Oslo, Oslo, Norway (Dr. Inge Olsen, PhD) 3) Bristol Medical School, Medical Statistics, University of Bristol, UK (Prof. Jonathan Sterne, PhD). This project is supported and reviewed by Prof. M. Briel, he is my main mentor."
"West China Hospital, Sichuan University"
Universite Laval
The University of Melbourne
University of Western Ontario
Gustave Roussy
McMaster University
Cincinnati Children’s Hospital Medical Center
University of Cambridge & Cambridge University Hospitals NHS Foundation Trust
The Third Affiliated Hospital of SYSU
University of Texas Southwestern Medical Center
University of Rochester
AdventHealth Cancer Institute
"University of Maryland Baltimore, School of Pharmacy, Pharmaceutical Health Services Research Department"
Vall d’Hebron Institute of Oncology
"Menzies School of Health Research, Darwin, Australia  WorldWide Antimalarial Resistance Network (WWARN), University of Oxford, UK"
"School of Public Health, Li Ka Shing Faculty of Medicine, The University of Hong Kong."
"CIRO+, centre of expertise for chronic organ failure; Maastricht University Medical Centre (MUMC+), Maastricht, the Netherlands"
University of Illinois at Urbana-Champaign
Johns Hopkins University
Brunel University of London
The University of Alabama at Birmingham
CHU Rennes
"Cardiocentro Ticino, Lugano and Universita della Svizzera ltaliana (USI)"
RTI Health Solutions
Illinois Institute of Technology
"Lewis Katz School of Medicine, Temple University."
University of British Columbia
Naval Medical University
"Statistics, Purdue University"
University of Alberta
"Institute for Clinical Research and Health Policy Studies, Tufts Medical Center"
University of Leeds
Harvard School of Public Health
University of Texas at Austin
"Department of Medicine, Rheumatology Unit, Karolinska Institutet, Karolinska University Hospital, Stockholm, Sweden"
Institut Roche
"Queens College, CUNY"
University of Sharjah
National Taiwan University Hospital
University of Southampton
Boston University
Magna Graecia University of Catanzaro
"Department of Rheumatology, Kobe City Medical Center General Hospital"
"EPIUnit - Instituto de Saúde Pública, Universidade do Porto, Portugal & Faculdade de Medicina da Universidade do Porto, Portugal & Centro Hospitalar São João, Porto, Portugal"
"Knowledge Translation Program, Li Ka Shing Knowledge Institute, St. Michael’s Hospital"
"Toronto General Hospitable Research Institute, University Health Network"
Radboudumc Nijmegen
University of Leicester
"Institute of Epidemiology and Preventive Medicine, National Taiwan University.
Department of Family Medicine, Renai Branch, Taipei City Hospital"
Cytel Statistical Software and Services Pvt. Ltd
"New York Medical College-Metropolitan Hospital Center, Department of Medicine, New York, NY"
"Division of Infection, Immunity and Respiratory Medicine
University of Manchester, UK"
"University of Alberta, Department of Medicine & Dentistry, Division of Dermatology"
USSAMMDA
University of Groningen
University of Kentucky
Faculty of Medicine of University of Porto
University of West Bohemia
University of Mississippi Medical Center (UMMC) Cancer Center and Research Inst.
Baylor College of Medicine
"National Research Council, Neuroscience Institute, Padova, Italy"
Herlev and Gentofte Hospital
University Paris Est Creteil (UPEC)
Socio Unico Istituto di Ricovero e Cura a Carattere Scientifico (IRCCS)
Genesis Research Group
Shanghai Jiao Tong University School of Medicine
University of Missouri
Boston University School of Public Health
UCB Biosciences
University of Rennes 1
"Department of Psychiatry, University of Oxford &#9; Oxford Health NHS Foundation Trust"
Institute of Clinical Biometrics Center for Medical Data Science Medical University of Vienna
"Center of Research of Immunopathology and Rare Diseases, Department of Clinical and Biological Sciences, University of Turin, Turin, Italy."
University of Porto
"Zucker Hillside Hospital, Northwell Health"
Owkin
"Pharmerit, LP"
Flinders University
"Department of Radiotherapy, Paoli Calmettes Institute, Marseille, France."
Federal University of Rio Grande do Sul
University of Ghent
Florida International University
"University Hospital Basel, Clarunis"
University of Sydney
LRI
University Health Network
Institute of Technology Tralee
Hospital General Universitario Castellon
Memorial Sloan Kettering Cancer Center
University of Kansas Medical Center Department of Internal Medicine
University Hospital of Parma
Dep. of Internal Medicine III Carl Gustav Carus Medical Center University of Dresden Germany
"Laboratory of Clinical Pharmacology and Pharmacometrics, Graduate School of Pharmaceutical Sciences, Chiba University, Chiba, Japan"
University of Miami Department of Biochemistry and Molecular Biology Miller School of Medicine
Hubei University of Medicine
"University Hospital Geelong, Australia"
University of Connecticut School of Medicine
Ludwig-Maximilian’s University München
Garvan Institute of Medical Research
University of Queensland
Nara Medical University
"Department of Microbiology, Infectious diseases & Immunology and CHU Sainte-Justine Research Center, Université de Montréal, Montréal, QC, Canada"
MakeSense Digital Health Ltd.
Cardiff University
Exploristics
"Department of Bioengineering, Imperial College London"
"Institute of Social and Preventive Medicine, University of Bern, Bern, Switzerland"
Penn State University
"Northwestern University, Feinberg School of Medicine"
National Center of Neurology and Psychiatry
"University of New South Wales, Sydney, Australia"
CHU Montpellier
experiMind
Klinikum rechts der Isar
University of Thesaly
University of Alabama at Birmingham
BOTdesign
"Interdisciplinary Center Psychopathology and Emotion regulation, Department of Psychiatry, University Medical Center Groningen, the Netherlands"
IQVIA
Yale School of Medicine
University of Sheffield
"The Institute of Statistical Mathematics, Research Organization of Information and Systems, Tokyo, Japan"
"1st Department of Propaedeutic and Internal Medicine, Laiko Hospital, Medical School, National and Kapodistrian University of Athens, Greece"
"Institute of Pharmacy, Clinical Pharmacy, University of Bonn, Germany"
University of Nottingham
George Washington University
American University of Beirut Medical Center
University Medical Center Mainz
The Netherlands Comprehensive Cancer Organisation
University of Oklahoma
"Department of Management
London School of Economics
Houghton Street
London WC2A 2AE"
"Amsterdam UMC, VUmc"
UMC Utrecht
King's College Hospital NHS Foundation Trust
"Department of Internal Medicine, University of Genoa, Genoa, Italy."
University of St. Gallen
"Genecast Biotechnology Co., Ltd"
"Karolinska Institutet
Department of Medicine
Unit for Clinical Therapy Research, Inflammatory Diseases
(ClinTRID), D1:00, Karolinska University Hospital, Stockholm, Sweden"
AdventHealth
University of Michigan School of Public Health
Iowa State University
Jules Bordet Institut
"University of Alabama, Birmingham (UAB) School of Medicine"
King Juan Carlos University
Kyoto University Graduate School of Medicine / School of Public health
"Saiseikai Fukuoka General Hospital, Fukuoka, Japan"
University of Birmingham
Spanish National Cancer Research Centre (CNIO)
"Institute of Social and Preventive Medicine (ISPM), University of Bern, Bern, Switzerland"
St Luke's-Roosevelt Hospital of the Columbia University of Physicians and Surgeons
Azienda Sanitaria Liguria 5- La Spezia (Italy)
"Istituto superiore di sanità, Italy"
"National Cancer Center & Cancer Hospital, Chinese Academy of Medical Sciences"
"Roswell Park Comprehensive Cancer center,  Jacobs School of Medicine and Biomedical Sciences, University at Buffalo Buffalo, New York, USA. 14201"
"Care and Public Health Research Institute (CAPHRI), Maastricht University"
Lund University
Skintelligence ltd.
"Department of Integrative Cancer Therapy and Urology, Kanazawa University Graduate School of Medical Science"
"University of Calgary, Calgary, Alberta, Canada"
VALL D HEBRON INSTITUTE OF ONCOLOGY VALL D'HEBRON  UNIVERSITY HOSPITAL Passeig Vall d'Hebron 119-129 08035 BARCELONA
Hospital General Universitario Gregorio Marañón
"UCB Celltech, UK"
University of Adelaide
"Center for Diabetes Research, Gentofte Hospital"
Kyung Hee University
RespirAnalytics LLC
"Department of Internal Medicine, Seoul National University Hospital"
Duke University Hopsital
MD Anderson Cancer Center
Northwestern University
"Department of Psychology and Logopedics, Medical Faculty, University of Helsinki, Helsinki, Finland"
"Division of Systems Medicine Chief
Department of Pediatrics
Stanford University"
University of North Carolina at Chapel Hill
Okayama University
"K3-Innovations, Inc"
Universitaire Ziekenhuizen Leuven
"APC Microbiome Ireland, College of Medicine and Health, University College Cork, Cork, Ireland"
Washington University in St. Louis
"NIHR Exeter Clinical Research Facility
University of Exeter Medical School
Barrack Road
Exeter
EX2 5DW"
"Business Transformation Solutions Global Business Solutions   Novartis Healthcare Pvt. Ltd. Salarpuria-Sattva Knowledge City Raidurg, Rangareddy District Madhapur / Hyderabad, Rangareddy 500008"
Yonsei University Health System
"Department of Neuropsychiatry, Keio University School of Medicine"
"Immunology of Viral Infections and Autoimmune Diseases, INSERM"
Universitätsmedizin Charité Berlin
China Pharmaceutical University
Xiamen University
The University of Hong Kong
UMCG
Universitätsklinikum Tübingen
The First Affiliated Hospital of Sun Yet-sen University
"Care and Public Health Research Institute CAPHRI, Maastricht, the Netherlands"
Sichuan University
"Shanghai Tongji Stomatological Hospital and Dental School, Tongji University"
UNC Hospitals
Gynecologic Oncology Trial and Investigation Consortium (GOTIC)
"University of North Carolina at Chapel Hill
Division of Pulmonary and Critical Care Medicine
130 Mason Farm Rd
Chapel Hill NC  27599-7020"
Brigham and Women's Hospital and Harvard Medical School
China-Japan Friendship Hospital
University of California San Francisco
"Interdisciplinary Center Psychopathology and Emotion regulation, University Center of Psychiatry, University Medical Center Groningen, the Netherlands"
Radboud University Medical Center
"Yale University School of Medicine
Yale-New Haven Hospital Center for Outcomes Research and Evaluation"
Université Laval
"Dana-Farber Cancer Institute
Harvard Medical School"
January AI
"Department of Radiation Oncology, American University of Beirut Medical Center, Beirut, Lebanon."
Seven Oaks General Hospital Renal Program
Hoffmann-La Roche Limited
University of Illinois Chicago
Peking Union Medical College
Douglas Mental Health University Institute
University of Calgary
"University at Buffalo, SUNY"
"Pharmacometrics Laboratory, Division of Clinical Pharmacology, The University of Cape Town."
"Department of Cardiology, Yongin Severance Hospital, Yonsei University College of Medicine, South Korea"
"Department of Cardiology, Maastricht University Medical Centre, Maastricht, the Netherlands"
"University Paris-Sud and Gustave Roussy, Department of Medicine 
114 Rue Edouard Vaillant, 94805 Villejuif Cedex, France
Phone: +33 (0)1 42 11 43 22 
Fax:  +33 (0)1 42 11 52 19"
Queen Mary University of London
University Medical Center of the Johannes Gutenberg-University Mainz
Hiroshima University
University of Edinburgh
Uppsala Universitet
University of Witwatersrand
"University of Exeter Medical Scool
(Honorary Consultant Physician (Diabetes) Royal Devon and Exeter Hospital)"
"Cochrane Airways Group, at St George's University of London"
"Istituto Auxologico Italiano, IRCCS, Laboratory of Immunorheumatology, Milan, Italy."
Zhongshan Hospital Xiamen University
Weill Cornell Medical College
"Leukemia Service, Department of Medicine, Memorial Sloan Kettering Cancer Center, New York, NY, USA"
Hannover Medical School
University of Miami
Université de Rennes 1
Hubei Cancer Hospital
"Gustave Roussy Cancer Center
Biostatistics and epidemiology dpt
INSERM CESP U1018 OncoStat
Meta-analysis platform
114 rue Ed Vaillant 94805 Villejuif cedex, France"
London School of Hygiene & Tropical medicine (LSHTM)
"National Cancer Center & Cancer Hospital,Chinese Academy of Medical Sciences"
The International Dermatology Outcome Measures Group (IDEOM)
Imperial College London
University Hospital Bonn
"Medical Oncology Service, Hospital Provincial de Castellón"
"Southern Methodist University Department of Statistics
University of Texas Southwestern Medical Center Department of Clinical Sciences"
Advent Health
University of Vermont
"Professor of Rheumatology and Head of the CHUC Lupus Clinic, Rheumatology Department, Centro Hospitalar e Universitário de Coimbra. Coimbra, Portugal Professor of Rheumatology at Faculty of Health Sciences, University of Beira Interior. Covilhã, Portugal"
Stevens Institute of Technology
"Division of Clinical Immunology and Allergy, Department of Internal Medicine Specialties, University Hospital and School of Medicine, Geneva, Switzerland"
"Vanderbilt University Medical Center Nashville, Tennessee"
Michigan State University – School Psychology Doctoral Program
"Lister Hill National Center for Biomedical Communications, US National Library of Medicine, NIH"
Mayo Clinic
University of Genoa
University Hospital Zurich
"Department of Breast and Medical Oncology
National Cancer Center Hospital, National Cancer Center, Japan"
"Department of Medicine, Solna"
Fort HealthCare
School of Health and Related Research (ScHARR) at the University of Sheffield
The First Hospital of China Medical University
Charité Universitaetsmedizin Berlin
"Women’s College Hospital, University of Toronto"
University of Cagliari
Flinders University of South Australia
"University of Utah, Department of Neurology"
"Biostatistics department of Public Health school, Harbin Medical University, China"
Korea University
Weizmann Institute of Science
Tokyo Medical and Dental University
Nagoya University Hospital
"Wilmer Eye Institute
Johns Hopkins School of Medicine"
